,City,Latitude,Longitude,Max. Temp (F),Humidity (%),Cloudiness (%),Wind Speed (MPH),Country,Date
0,rikitea,-23.1203,-134.9692,73.54,74,36,17.83,PF,1627323638
1,norman wells,65.282,-126.8329,60.84,63,75,11.5,CA,1627323638
2,atuona,-9.8,-139.0333,77.52,70,55,25.08,PF,1627323638
3,pitkyaranta,61.5734,31.4792,63.52,81,55,3.31,RU,1627323639
4,mataura,-46.1927,168.8643,42.48,98,91,2.95,NZ,1627323114
5,upernavik,72.7868,-56.1549,45.81,63,100,4.59,GL,1627323639
6,ushuaia,-54.8,-68.3,37.02,93,75,8.05,AR,1627323620
7,pisco,-13.7,-76.2167,70.02,68,0,6.91,PE,1627323640
8,port alfred,-33.5906,26.891,65.55,36,100,10.8,ZA,1627323640
9,choix,26.7092,-108.3219,93.81,37,71,4.72,MX,1627323640
10,hobart,-42.8794,147.3294,53.46,84,90,1.01,AU,1627323641
11,komsomolskiy,40.4272,71.7189,90.32,23,0,4.61,UZ,1627323496
12,albany,42.6001,-73.9662,86.58,51,1,4.0,US,1627323443
13,butaritari,3.0707,172.7902,82.33,73,95,7.52,KI,1627323641
14,hasaki,35.7333,140.8333,72.28,90,100,30.31,JP,1627323641
15,placido de castro,-10.3353,-67.1856,99.21,25,20,4.41,BR,1627323642
16,mayo,38.8876,-76.5119,95.11,67,100,1.99,US,1627323642
17,dingle,10.9995,122.6711,79.36,85,100,11.27,PH,1627323642
18,kapaa,22.0752,-159.319,82.72,79,40,3.0,US,1627323643
19,vila franca do campo,37.7167,-25.4333,72.01,66,0,6.22,PT,1627323643
20,isangel,-19.55,169.2667,71.28,74,63,14.85,VU,1627323643
21,prainha,-1.8,-53.48,92.14,39,87,4.12,BR,1627323644
22,cabo san lucas,22.8909,-109.9124,96.1,69,1,4.0,MX,1627323644
23,tessalit,20.1986,1.0114,103.5,18,44,14.41,ML,1627323644
24,pacific grove,36.6177,-121.9166,71.8,89,90,5.01,US,1627323605
25,sabana grande de boya,18.945,-69.7933,86.5,51,83,6.96,DO,1627323645
26,harper,4.375,-7.7169,77.49,75,79,11.77,LR,1627323645
27,cape town,-33.9258,18.4232,62.35,67,0,10.36,ZA,1627323439
28,busselton,-33.65,115.3333,57.09,68,55,32.73,AU,1627323645
29,korla,41.7597,86.1469,84.34,29,1,16.26,CN,1627323646
30,port lincoln,-34.7333,135.8667,54.28,52,30,17.38,AU,1627323646
31,tuatapere,-46.1333,167.6833,42.82,90,63,4.7,NZ,1627323646
32,dikson,73.5069,80.5464,41.56,91,92,4.61,RU,1627323647
33,quatre cocos,-20.2078,57.7625,66.31,78,20,8.5,MU,1627323647
34,bethel,41.3712,-73.414,89.08,56,1,1.99,US,1627323647
35,kulhudhuffushi,6.6221,73.07,81.93,76,93,9.82,MV,1627323648
36,ukiah,39.1502,-123.2078,95.43,41,1,5.75,US,1627323648
37,lakes entrance,-37.8811,147.981,57.18,57,100,9.24,AU,1627323648
38,srednekolymsk,67.45,153.6833,39.92,78,67,8.7,RU,1627323649
39,fort nelson,58.8053,-122.7002,69.39,52,20,5.75,CA,1627323649
40,uruguaiana,-29.7547,-57.0883,60.73,94,90,20.71,BR,1627323648
41,kirakira,-10.4544,161.9205,77.72,85,100,7.76,SB,1627323649
42,avarua,-21.2078,-159.775,73.45,94,75,4.61,CK,1627323650
43,hithadhoo,-0.6,73.0833,81.18,78,65,9.17,MV,1627323650
44,calama,-22.4667,-68.9333,64.89,9,0,19.57,CL,1627323650
45,carnarvon,-24.8667,113.6333,71.67,84,90,13.8,AU,1627323651
46,narsaq,60.9167,-46.05,66.42,50,44,3.56,GL,1627323651
47,palana,59.1167,159.9667,49.53,98,100,19.66,RU,1627323651
48,bubaque,11.2833,-15.8333,81.01,79,86,11.5,GW,1627323652
49,willemstad,12.1084,-68.9335,89.51,66,20,13.8,CW,1627323652
50,kalaleh,37.3807,55.4916,85.6,62,40,4.61,IR,1627323653
51,yellowknife,62.456,-114.3525,70.32,53,75,11.5,CA,1627323646
52,jamestown,42.097,-79.2353,84.29,44,20,8.05,US,1627323368
53,fairbanks,64.8378,-147.7164,64.36,75,75,5.75,US,1627323653
54,barrow,71.2906,-156.7887,44.62,98,90,9.22,US,1627323653
55,axim,4.8699,-2.2405,77.43,74,87,9.93,GH,1627323654
56,san cristobal,7.7669,-72.225,78.98,61,73,7.49,VE,1627323654
57,chihuahua,28.5,-106.0,81.43,33,37,5.19,MX,1627323654
58,rancho veloz,22.8806,-80.3917,91.89,58,24,3.27,CU,1627323655
59,nome,64.5011,-165.4064,49.15,100,90,9.22,US,1627323655
60,hilo,19.7297,-155.09,73.8,94,90,0.0,US,1627323655
61,arraial do cabo,-22.9661,-42.0278,80.56,61,0,19.57,BR,1627323656
62,luanda,-8.8368,13.2343,73.4,78,20,9.22,AO,1627323386
63,punta arenas,-53.15,-70.9167,42.91,75,0,18.41,CL,1627323543
64,wajir,1.7471,40.0573,83.55,33,91,22.08,KE,1627323656
65,hermanus,-34.4187,19.2345,59.56,69,28,3.18,ZA,1627323657
66,cidreira,-30.1811,-50.2056,63.59,91,99,5.93,BR,1627323657
67,mount isa,-20.7333,139.5,42.57,61,20,0.0,AU,1627323657
68,yangambi,0.8102,24.4336,78.57,62,76,3.56,CD,1627323658
69,mosquera,4.7059,-74.2302,68.09,49,40,3.44,CO,1627323658
70,tupik,54.4253,119.9327,55.47,83,71,4.56,RU,1627323658
71,deputatskiy,69.3,139.9,46.06,86,100,4.65,RU,1627323659
72,castanos,26.7833,-101.4167,85.59,25,1,5.75,MX,1627323659
73,kavieng,-2.5744,150.7967,80.53,77,9,5.57,PG,1627323659
74,nanning,22.8167,108.3167,82.85,75,62,2.91,CN,1627323660
75,mahebourg,-20.4081,57.7,66.49,100,75,10.36,MU,1627323660
76,kattivakkam,13.2167,80.3167,82.49,67,99,13.67,IN,1627323660
77,chuy,-33.6971,-53.4616,54.88,74,100,12.88,UY,1627323661
78,khatanga,71.9667,102.5,58.64,69,74,12.06,RU,1627323661
79,mudgee,-32.5943,149.5871,42.62,93,97,8.05,AU,1627323661
80,suez,29.9737,32.5263,85.62,52,0,14.16,EG,1627323661
81,waddan,29.1614,16.139,90.48,20,0,11.99,LY,1627323662
82,ulladulla,-35.35,150.4667,55.87,60,98,8.95,AU,1627323662
83,bredasdorp,-34.5322,20.0403,58.32,44,52,5.75,ZA,1627323662
84,praia da vitoria,38.7333,-27.0667,74.75,88,75,10.69,PT,1627323663
85,puerto ayora,-0.7393,-90.3518,78.76,80,81,8.99,EC,1627323492
86,klaksvik,62.2266,-6.589,52.72,99,100,7.18,FO,1627323663
87,sydney,-33.8679,151.2073,54.34,79,0,4.0,AU,1627323542
88,airai,-8.9266,125.4092,55.31,66,27,2.44,TL,1627323616
89,tiksi,71.6872,128.8694,38.59,90,99,11.23,RU,1627323664
90,mae sai,20.4335,99.8762,74.52,99,89,0.96,TH,1627323664
91,batagay-alyta,67.8006,130.4114,53.28,81,49,5.21,RU,1627323665
92,maracacume,-2.0428,-45.9592,84.69,63,85,2.95,BR,1627323665
93,cuamba,-14.8031,36.5372,61.34,74,49,6.71,MZ,1627323665
94,maracaju,-21.6144,-55.1683,90.97,22,19,14.47,BR,1627323666
95,severo-kurilsk,50.6789,156.125,56.21,94,88,7.05,RU,1627323666
96,viedma,-40.8135,-62.9967,47.43,41,45,26.75,AR,1627323666
97,grindavik,63.8424,-22.4338,51.75,93,75,16.11,IS,1627323667
98,eureka,40.8021,-124.1637,88.75,73,100,4.7,US,1627323391
99,hervey bay,-25.2986,152.8535,49.03,75,23,4.68,AU,1627323667
100,thompson,55.7435,-97.8558,66.36,32,20,3.44,CA,1627323667
101,san pedro,14.35,121.0167,82.35,83,100,17.09,PH,1627323668
102,broni,45.0655,9.2623,82.06,64,59,6.26,IT,1627323668
103,suntar,62.1444,117.6319,68.29,59,15,3.62,RU,1627323669
104,pevek,69.7008,170.3133,35.96,88,84,11.18,RU,1627323669
105,talnakh,69.4865,88.3972,63.77,84,97,2.51,RU,1627323669
106,mukhen,48.1,136.1,76.06,73,97,4.25,RU,1627323669
107,teya,60.3778,92.6267,72.46,57,58,3.44,RU,1627323670
108,abnub,27.2696,31.1511,92.23,20,0,10.18,EG,1627323670
109,pipri,19.8,75.5333,75.78,88,75,5.75,IN,1627323670
110,alofi,-19.0595,-169.9187,67.89,100,40,2.3,NU,1627323671
111,tuktoyaktuk,69.4541,-133.0374,46.4,87,90,6.91,CA,1627323671
112,fort collins,40.5853,-105.0844,93.51,35,1,4.0,US,1627323512
113,kahului,20.8947,-156.47,80.83,80,1,24.16,US,1627323671
114,katobu,-4.9408,122.5276,70.34,92,13,3.85,ID,1627323672
115,portland,45.5234,-122.6762,80.46,63,20,1.01,US,1627323183
116,faanui,-16.4833,-151.75,78.58,72,54,13.56,PF,1627323672
117,ostrovnoy,68.0531,39.5131,46.31,88,100,23.24,RU,1627323673
118,sao filipe,14.8961,-24.4956,75.78,78,71,7.4,CV,1627323673
119,rawson,-43.3002,-65.1023,46.76,40,11,29.57,AR,1627323673
120,new norfolk,-42.7826,147.0587,53.1,81,98,3.0,AU,1627323674
121,luderitz,-26.6481,15.1594,67.35,46,1,9.13,NA,1627323674
122,ponta do sol,32.6667,-17.1,81.01,80,21,2.48,PT,1627323674
123,haines junction,60.7522,-137.5108,49.95,87,98,3.44,CA,1627323675
124,port elizabeth,-33.918,25.5701,52.09,76,100,0.0,ZA,1627323439
125,alto araguaia,-17.3147,-53.2153,90.0,15,0,5.75,BR,1627323675
126,iqaluit,63.7506,-68.5145,49.73,87,75,5.99,CA,1627323675
127,tilichiki,60.4667,166.1,51.96,99,100,6.08,RU,1627323676
128,henties bay,-22.116,14.2845,69.85,69,0,7.47,NA,1627323676
129,ballina,-28.8667,153.5667,48.78,71,53,4.61,AU,1627323677
130,matagami,49.7502,-77.6328,59.11,77,90,20.71,CA,1627323677
131,shelburne,44.0787,-80.2041,85.77,39,1,12.15,CA,1627323677
132,yar-sale,66.8333,70.8333,47.97,81,43,4.76,RU,1627323678
133,bluff,-46.6,168.3333,42.8,78,79,17.0,NZ,1627323115
134,college,64.8569,-147.8028,64.35,74,75,5.75,US,1627323678
135,esil,51.9556,66.4042,58.53,56,4,9.1,KZ,1627323678
136,antofagasta,-23.65,-70.4,65.21,56,29,10.38,CL,1627323679
137,tabou,4.423,-7.3528,77.54,74,74,11.52,CI,1627323679
138,souillac,-20.5167,57.5167,66.58,100,75,10.36,MU,1627323679
139,oksfjord,70.2396,22.3479,57.27,81,74,3.0,NO,1627323679
140,takayama,36.1333,137.25,72.5,91,97,3.51,JP,1627323680
141,kipushi,-11.7667,27.2333,56.89,43,96,4.72,CD,1627323680
142,houston,29.7633,-95.3633,95.11,59,20,3.0,US,1627322943
143,jalu,29.0331,21.5482,90.18,23,0,8.77,LY,1627323680
144,marsh harbour,26.5412,-77.0636,83.8,70,8,9.64,BS,1627323681
145,georgetown,5.4112,100.3354,83.89,84,20,0.0,MY,1627323681
146,saskylakh,71.9167,114.0833,45.1,89,49,2.73,RU,1627323682
147,sterling,39.0062,-77.4286,94.35,50,75,1.01,US,1627323524
148,may pen,17.9645,-77.2451,87.21,48,93,10.71,JM,1627323682
149,masvingo,-20.0637,30.8277,55.11,49,99,6.64,ZW,1627323682
150,sabang,5.8933,95.3214,83.48,77,64,17.52,ID,1627323427
151,hami,42.8,93.45,88.43,18,29,5.93,CN,1627323683
152,bilma,18.6853,12.9164,93.42,35,89,6.44,NE,1627323683
153,alugan,12.2188,125.4808,81.3,76,100,8.34,PH,1627323684
154,geraldton,-28.7667,114.6,65.12,72,90,25.32,AU,1627323684
155,usinsk,65.9939,57.5281,44.58,93,99,5.12,RU,1627323684
156,torbay,47.6666,-52.7314,66.97,75,75,9.22,CA,1627323685
157,itoman,26.1247,127.6694,80.98,96,40,10.36,JP,1627323685
158,north bend,43.4065,-124.2243,67.15,77,1,11.5,US,1627323685
159,bonavista,48.6499,-53.1147,69.8,76,44,14.54,CA,1627323685
160,nikolskoye,59.7035,30.7861,75.09,67,25,3.85,RU,1627323686
161,ambilobe,-13.2,49.05,68.61,69,56,5.3,MG,1627323686
162,bambous virieux,-20.3428,57.7575,66.45,100,75,10.36,MU,1627323500
163,northam,51.0333,-4.2167,71.13,91,100,8.77,GB,1627323686
164,alvaraes,-3.2208,-64.8042,89.47,44,91,3.85,BR,1627323687
165,northampton,40.8754,-75.2499,88.84,40,97,1.01,US,1627323687
166,sao joao da barra,-21.6403,-41.0511,78.89,68,0,16.89,BR,1627323687
167,mackay,-21.15,149.2,54.05,72,18,5.7,AU,1627323688
168,alekseyevskoye,55.3071,50.1135,63.28,66,45,8.21,RU,1627323688
169,wundanyi,-3.4019,38.364,60.48,51,62,10.87,KE,1627323688
170,vinh,18.6667,105.6667,81.01,78,63,6.29,VN,1627323689
171,qaanaaq,77.484,-69.3632,44.49,54,89,9.71,GL,1627323689
172,ixtapa,20.7,-105.2,88.23,70,75,4.61,MX,1627323493
173,shambu,9.5667,37.1,50.77,98,100,1.43,ET,1627323689
174,ambon,-3.6954,128.1814,73.54,94,20,1.14,ID,1627323690
175,codrington,-38.2667,141.9667,47.95,79,93,15.7,AU,1627323690
176,ituango,7.1712,-75.764,70.47,84,76,2.53,CO,1627323690
177,vaini,-21.2,-175.2,71.76,100,75,0.0,TO,1627323691
178,teofilo otoni,-17.8575,-41.5053,74.97,52,89,5.37,BR,1627323691
179,kieta,-6.2167,155.6333,78.46,83,18,4.43,PG,1627323691
180,kosum phisai,16.2486,103.0674,80.19,85,98,9.91,TH,1627323692
181,kaitangata,-46.2817,169.8464,46.92,72,100,8.61,NZ,1627323692
182,kalmar,56.6616,16.3616,75.13,75,20,5.75,SE,1627323692
183,san patricio,28.017,-97.5169,94.01,40,57,4.52,US,1627323693
184,mitsamiouli,-11.3847,43.2844,76.23,70,39,8.79,KM,1627323693
185,mbabane,-26.3167,31.1333,44.85,73,1,3.78,SZ,1627323693
186,spassk,52.747,87.7545,61.79,99,90,2.73,RU,1627323694
187,searcy,35.2506,-91.7363,94.24,60,1,4.0,US,1627323694
188,astoria,46.1879,-123.8313,73.09,84,40,7.0,US,1627323608
189,sargatskoye,55.6101,73.4972,50.41,73,39,7.87,RU,1627323694
190,nevsehir,38.9167,34.6667,76.21,29,20,4.61,TR,1627323695
191,hay river,60.8156,-115.7999,71.58,53,20,1.14,CA,1627323421
192,edendale,-29.6528,30.3147,53.62,29,52,4.68,ZA,1627323695
193,dhidhdhoo,6.8833,73.1,81.97,77,97,10.65,MV,1627323629
194,znamenskoye,57.1281,73.8282,52.05,78,54,7.27,RU,1627323696
195,naze,28.3667,129.4833,77.13,86,100,11.97,JP,1627323696
196,radovis,41.6383,22.4647,81.3,37,53,6.76,MK,1627323527
197,mar del plata,-38.0023,-57.5575,53.62,56,40,5.01,AR,1627323635
198,pontes e lacerda,-15.2261,-59.3353,96.75,22,0,7.65,BR,1627323697
199,alta floresta,-9.8756,-56.0861,96.62,24,0,8.05,BR,1627323697
200,sur,22.5667,59.5289,92.88,52,71,13.82,OM,1627323697
201,saint-philippe,-21.3585,55.7679,69.35,80,62,11.77,RE,1627323698
202,norwich,52.6278,1.2983,75.15,70,20,5.01,GB,1627323502
203,vertientes,21.2594,-78.1464,90.21,67,27,5.03,CU,1627323698
204,blagoyevo,63.3667,47.9167,49.8,63,59,9.15,RU,1627323671
205,dosso,13.049,3.1937,90.14,49,77,12.24,NE,1627323699
206,newport,51.5877,-2.9984,73.89,81,98,10.74,GB,1627323458
207,iralaya,15.0,-83.2333,83.79,72,44,7.31,HN,1627323699
208,vanavara,60.34,102.2797,65.5,65,45,5.86,RU,1627323699
209,rochegda,62.8,43.25,52.56,59,1,8.93,RU,1627323700
210,sisimiut,66.9395,-53.6735,61.72,54,98,13.02,GL,1627323700
211,kiama,-34.6833,150.8667,57.58,65,97,8.01,AU,1627323700
212,boyolangu,-8.1181,111.8935,71.87,89,71,1.39,ID,1627323701
213,coquimbo,-29.9533,-71.3436,60.53,72,20,13.8,CL,1627323701
214,kismayo,-0.3582,42.5454,75.99,79,66,18.9,SO,1627323701
215,margherita,27.2833,95.6833,77.63,97,100,1.72,IN,1627323702
216,cap malheureux,-19.9842,57.6142,66.69,84,2,4.0,MU,1627323702
217,helong,42.5397,128.9972,68.38,94,36,1.25,CN,1627323702
218,lebu,-37.6167,-73.65,49.68,64,11,16.89,CL,1627323702
219,keuruu,62.2667,24.7,78.98,40,28,3.98,FI,1627323703
220,pampa,35.5362,-100.9599,89.56,69,1,9.22,US,1627323703
221,banda aceh,5.5577,95.3222,80.24,83,66,10.85,ID,1627323703
222,mount gambier,-37.8333,140.7667,46.81,78,64,10.42,AU,1627323495
223,saint anthony,45.0205,-93.218,92.25,50,1,13.8,US,1627323704
224,ternova,50.1849,36.6757,75.76,45,4,8.28,UA,1627323704
225,westport,41.1415,-73.3579,91.45,59,1,10.36,US,1627323528
226,tura,25.5198,90.2201,76.78,93,100,2.91,IN,1627323705
227,tasiilaq,65.6145,-37.6368,51.96,81,13,5.37,GL,1627323705
228,bulawayo,-20.15,28.5833,46.9,68,1,9.82,ZW,1627323705
229,yambio,4.5721,28.3955,68.45,95,74,2.86,SS,1627323706
230,summerside,46.3959,-63.7876,71.47,83,87,10.36,CA,1627323706
231,kruisfontein,-34.0033,24.7314,63.03,26,100,12.73,ZA,1627323706
232,prince rupert,54.3161,-130.3201,57.29,94,90,9.22,CA,1627323707
233,kodiak,57.79,-152.4072,53.35,85,16,2.33,US,1627323502
234,berlevag,70.8578,29.0864,46.71,87,66,7.0,NO,1627323707
235,chokurdakh,70.6333,147.9167,35.62,88,81,11.54,RU,1627323707
236,east london,-33.0153,27.9116,59.94,47,0,5.75,ZA,1627323636
237,karaton,-6.3424,106.1045,78.96,90,21,0.96,ID,1627323708
238,castro,-24.7911,-50.0119,72.18,42,7,8.77,BR,1627323708
239,touros,-5.1989,-35.4608,83.3,62,16,17.67,BR,1627323708
240,eha amufu,6.6592,7.7596,74.12,82,99,2.66,NG,1627323709
241,guanare,9.0418,-69.7421,80.42,88,55,4.14,VE,1627323709
242,pathein,16.7833,94.7333,77.22,93,100,10.07,MM,1627323709
243,velizh,55.6056,31.1967,70.84,56,43,3.6,RU,1627323710
244,victoria,22.2855,114.1577,88.32,85,98,1.01,HK,1627323701
245,madang,-5.2246,145.7966,77.25,90,59,3.6,PG,1627323710
246,la ronge,55.1001,-105.2842,70.02,52,40,5.75,CA,1627323710
247,murmino,54.6036,40.0544,65.19,58,56,4.65,RU,1627323711
248,yerbogachen,61.2767,108.0108,66.29,66,30,4.45,RU,1627323711
249,dwarka,22.2394,68.9678,82.51,84,98,20.47,IN,1627323711
250,vostok,46.4856,135.8833,69.12,92,97,3.67,RU,1627323712
251,coffeyville,37.0373,-95.6164,91.85,66,75,4.61,US,1627323712
252,isfana,39.8386,69.5306,77.56,26,0,8.14,KG,1627323712
253,beringovskiy,63.05,179.3167,52.65,93,100,5.26,RU,1627323713
254,demba,-5.51,22.2667,75.51,28,84,2.93,CD,1627323713
255,husavik,66.0449,-17.3389,57.11,59,94,4.76,IS,1627323713
256,lorengau,-2.0226,147.2712,80.89,76,46,2.95,PG,1627323714
257,leningradskiy,69.3833,178.4167,38.34,88,95,2.51,RU,1627323714
258,san policarpo,12.1791,125.5072,81.41,77,100,8.63,PH,1627323714
259,cabedelo,-6.9811,-34.8339,83.07,72,1,14.47,BR,1627323449
260,lata,40.1629,-8.3327,73.92,50,0,9.17,PT,1627323715
261,cayenne,4.9333,-52.3333,84.24,82,75,4.0,GF,1627323715
262,mega,4.05,38.3,62.49,50,100,8.63,ET,1627323715
263,jacareacanga,-6.2222,-57.7528,95.31,38,0,6.91,BR,1627323716
264,divnomorskoye,44.5011,38.1353,81.12,51,96,7.34,RU,1627323716
265,fortuna,40.5982,-124.1573,88.48,88,1,8.05,US,1627323716
266,constitucion,-35.3333,-72.4167,54.88,65,29,10.74,CL,1627323717
267,dunedin,-45.8742,170.5036,48.79,66,100,18.99,NZ,1627323598
268,guerrero negro,27.9769,-114.0611,77.18,57,1,8.34,MX,1627323496
269,ribeira grande,38.5167,-28.7,79.2,61,20,14.97,PT,1627323717
270,oranjemund,-28.55,16.4333,68.61,35,8,6.91,NA,1627323717
271,monrovia,6.3005,-10.7969,78.13,78,75,12.97,LR,1627323706
272,acton,51.509,-0.2762,75.67,67,40,5.75,GB,1627323718
273,cherskiy,68.75,161.3,39.51,74,1,8.61,RU,1627323718
274,pitimbu,-7.4706,-34.8086,82.99,71,3,12.91,BR,1627323719
275,alice springs,-23.7,133.8833,62.15,22,39,10.36,AU,1627323719
276,tateyama,34.9833,139.8667,74.1,88,75,16.11,JP,1627323719
277,saint george,37.1041,-113.5841,89.8,49,1,3.0,US,1627323662
278,tabas,33.5959,56.9244,96.49,14,1,22.01,IR,1627323720
279,arlit,18.7369,7.3853,104.59,9,78,5.12,NE,1627323720
280,waipawa,-41.4122,175.5153,52.03,83,87,15.43,NZ,1627323720
281,chicama,-7.8447,-79.1469,66.74,61,24,10.8,PE,1627323721
282,nicoya,10.1483,-85.452,89.15,70,100,4.41,CR,1627323721
283,aswan,24.0934,32.907,96.1,23,0,11.5,EG,1627323722
284,yulara,-25.2406,130.9889,44.44,45,11,3.44,AU,1627323722
285,tchibanga,-2.85,11.0333,72.32,74,69,7.56,GA,1627323722
286,anloga,5.7947,0.8973,77.31,78,37,15.66,GH,1627323708
287,nadym,65.5333,72.5167,54.41,63,71,4.38,RU,1627323723
288,hamilton,39.1834,-84.5333,91.0,47,20,1.01,US,1627323723
289,fougeres,48.35,-1.2,69.66,59,75,9.44,FR,1627323723
290,vila do maio,15.1333,-23.2167,83.19,76,22,8.81,CV,1627323724
291,washougal,45.5826,-122.3534,86.61,64,1,4.61,US,1627323724
292,saldanha,-33.0117,17.9442,59.05,73,5,7.38,ZA,1627323724
293,dyurtyuli,55.4911,54.8688,60.75,52,66,6.55,RU,1627323725
294,kholodnyy,62.7167,147.95,48.83,89,100,2.04,RU,1627323725
295,jumla,29.2747,82.1838,66.11,98,100,2.01,NP,1627323725
296,qandala,11.472,49.8728,89.06,50,64,13.85,SO,1627323726
297,beaupre,47.0443,-70.8953,80.94,70,17,13.0,CA,1627323726
298,flinders,-34.5833,150.8552,57.38,66,97,1.99,AU,1627323726
299,bonthe,7.5264,-12.505,78.71,81,75,10.54,SL,1627323727
300,ambunti,-4.2365,142.8448,72.57,99,55,1.59,PG,1627323727
301,dabola,10.75,-11.1167,80.29,87,39,2.44,GN,1627323727
302,abonnema,4.7084,6.7931,79.16,65,59,11.01,NG,1627323728
303,norrtalje,59.758,18.705,75.29,68,91,4.27,SE,1627323728
304,krutinka,56.0055,71.5113,54.01,70,81,9.51,RU,1627323728
305,aurad,18.25,77.4333,75.45,79,40,14.72,IN,1627323729
306,marshall,34.3834,-86.3333,94.06,66,1,0.0,US,1627323539
307,mombetsu,44.3525,143.3525,66.85,89,55,4.03,JP,1627323729
308,umm kaddadah,13.6017,26.6876,89.31,40,80,11.79,SD,1627323729
309,bathsheba,13.2167,-59.5167,86.61,70,40,16.11,BB,1627323730
310,vardo,70.3705,31.1107,48.4,93,40,17.27,NO,1627323730
311,middle island,40.8843,-72.9373,91.54,56,1,6.91,US,1627323730
312,zhezkazgan,47.8043,67.7144,74.07,26,5,15.08,KZ,1627323731
313,teguldet,57.3064,88.1667,64.89,97,82,4.88,RU,1627323731
314,ahipara,-35.1667,173.1667,55.29,83,22,18.84,NZ,1627323731
315,shar,49.5886,81.0453,67.21,75,56,17.96,KZ,1627323732
316,laguna,38.421,-121.4238,91.63,42,1,11.5,US,1627323732
317,rorvik,64.8621,11.2373,68.11,73,0,12.66,NO,1627323732
318,rantepao,-2.9701,119.8978,65.17,84,64,1.88,ID,1627323733
319,port-gentil,-0.7193,8.7815,76.96,83,40,11.5,GA,1627323733
320,jacqueville,5.2052,-4.4146,78.71,78,51,13.22,CI,1627323733
321,cervo,43.6702,-7.4101,74.19,77,14,4.25,ES,1627323734
322,mariinsk,56.2139,87.7472,66.42,95,80,10.6,RU,1627323734
323,muisne,0.6,-80.0333,77.63,80,95,9.69,EC,1627323734
324,salinas,36.6777,-121.6555,72.19,77,90,6.91,US,1627323667
325,osoyoos,49.0331,-119.4524,90.99,34,0,2.3,CA,1627323735
326,fernandez,-27.9204,-63.8935,67.23,34,0,5.01,AR,1627323735
327,luohe,33.5717,114.0353,78.19,85,98,5.66,CN,1627323735
328,lincoln,40.8,-96.667,91.02,48,1,5.01,US,1627323711
329,janauba,-15.8025,-43.3089,82.17,26,0,10.0,BR,1627323736
330,labuhan,-6.8844,112.2051,73.04,85,0,7.61,ID,1627323736
331,maceio,-9.6658,-35.7353,78.24,73,75,14.97,BR,1627323737
332,ust-nera,64.5667,143.2,53.06,89,95,3.04,RU,1627323737
333,tulagi,-9.0996,160.1476,77.47,91,100,21.65,SB,1627323737
334,havre-saint-pierre,50.2334,-63.5986,66.56,88,90,6.91,CA,1627323738
335,neyshabur,36.2133,58.7958,86.22,24,0,16.64,IR,1627323738
336,ternate,0.8,127.4,80.82,82,100,10.45,ID,1627323738
337,buala,-8.145,159.5921,77.85,89,100,7.76,SB,1627323739
338,berkakit,56.5807,124.7681,50.27,93,2,3.06,RU,1627323739
339,pangnirtung,66.1451,-65.7125,53.6,94,75,8.05,CA,1627323739
340,bengkulu,-3.8004,102.2655,74.41,76,43,4.43,ID,1627323740
341,nantucket,41.2835,-70.0995,84.25,85,40,12.66,US,1627323740
342,sobolevo,54.4299,31.8996,69.66,65,67,5.08,RU,1627323740
343,dire,12.2833,-10.9667,82.96,84,63,1.43,ML,1627323741
344,namanyere,-7.5167,31.05,56.8,56,14,4.43,TZ,1627323741
345,rancho palos verdes,33.7445,-118.387,80.31,87,75,3.0,US,1627323669
346,clyde river,70.4692,-68.5914,39.43,93,90,10.36,CA,1627323741
347,sojat,25.9167,73.6667,80.74,81,100,15.97,IN,1627323742
348,innisfail,-17.5333,146.0333,66.92,73,98,3.62,AU,1627323742
349,pimenta bueno,-11.6725,-61.1936,98.82,23,4,3.89,BR,1627323742
350,itarema,-2.9248,-39.9167,85.44,60,39,20.33,BR,1627323743
351,lubumbashi,-11.6609,27.4794,57.45,42,91,4.74,CD,1627323743
352,katihar,25.5333,87.5833,86.34,75,100,2.06,IN,1627323743
353,ust-kishert,57.3654,57.2495,53.82,81,34,8.19,RU,1627323744
354,wonthaggi,-38.6044,145.5913,56.19,73,97,18.03,AU,1627323744
355,nabire,-3.3667,135.4833,75.34,91,65,3.42,ID,1627323745
356,khandbari,27.3747,87.2039,74.62,95,100,1.19,NP,1627323745
357,coihaique,-45.5752,-72.0662,44.55,57,20,5.75,CL,1627323745
358,russkaya polyana,49.417,31.9201,73.8,51,63,5.26,UA,1627323745
359,mont-dore,-22.2833,166.5833,69.01,99,84,4.72,NC,1627323746
360,ardakan,32.31,54.0175,93.58,12,1,7.83,IR,1627323746
361,caravelas,-17.7125,-39.2481,76.77,62,2,7.31,BR,1627323746
362,aquiraz,-3.9014,-38.3911,86.22,56,47,11.48,BR,1627323747
363,chanika,-5.4167,38.0167,62.89,56,61,3.42,TZ,1627323747
364,balabac,7.9868,117.0645,83.86,77,100,12.5,PH,1627323747
365,venustiano carranza,19.43,-99.0992,73.15,42,20,1.99,MX,1627323748
366,polyarnyy,69.1989,33.4478,52.27,87,85,13.96,RU,1627323748
367,amapa,1.0,-52.0,84.34,64,58,3.02,BR,1627323749
368,sinnamary,5.3833,-52.95,82.8,73,55,8.88,GF,1627323749
369,ilulissat,69.2167,-51.1,55.42,47,75,14.97,GL,1627323749
370,goderich,43.7501,-81.7165,83.03,64,0,4.61,CA,1627323750
371,taoudenni,22.6783,-3.9836,114.19,5,0,10.29,ML,1627323627
372,cassilandia,-19.1133,-51.7342,90.95,14,0,6.76,BR,1627323509
373,zhuhai,22.2769,113.5678,88.05,84,0,4.61,CN,1627323750
374,maragogi,-9.0122,-35.2225,77.67,77,18,9.64,BR,1627323750
375,seymchan,62.8833,152.4333,47.07,85,100,3.91,RU,1627323751
376,mindelo,16.8901,-24.9804,81.95,61,20,18.41,CV,1627323751
377,gogrial,8.5332,28.1004,69.8,97,100,3.65,SS,1627323751
378,kamaishi,39.2667,141.8833,70.84,94,96,15.35,JP,1627323752
379,canas,10.4294,-85.0931,89.46,68,100,2.26,CR,1627323752
380,hvide sande,56.0045,8.1294,70.0,85,89,8.48,DK,1627323752
381,uray,60.1247,64.7758,53.87,73,69,6.55,RU,1627323753
382,port augusta,-32.5,137.7667,55.71,49,79,15.95,AU,1627323753
383,jork,53.5333,9.6833,78.08,69,20,1.01,DE,1627323753
384,poum,-20.2333,164.0167,69.91,70,87,12.37,NC,1627323754
385,orzinuovi,45.404,9.9216,82.45,52,68,1.99,IT,1627323754
386,lompoc,34.6391,-120.4579,79.02,73,75,10.36,US,1627323481
387,batouri,4.4333,14.3667,71.53,86,96,3.89,CM,1627323754
388,north platte,41.1239,-100.7654,90.01,53,1,3.0,US,1627323755
389,okha,53.5739,142.9478,63.79,99,100,4.09,RU,1627323755
390,ozimek,50.6794,18.2137,81.95,59,41,1.99,PL,1627323755
391,koindu,8.4386,-10.3253,74.14,96,57,4.36,GN,1627323756
392,evensk,61.95,159.2333,49.23,96,100,3.6,RU,1627323756
393,pendencias,-5.26,-36.7222,90.39,38,80,15.28,BR,1627323756
394,salinopolis,-0.6136,-47.3561,83.97,67,58,11.18,BR,1627323757
395,kiunga,-6.1219,141.2906,71.55,98,99,1.43,PG,1627323757
396,port hedland,-20.3167,118.5667,62.65,94,40,6.91,AU,1627323757
397,yuli,9.6989,10.2744,73.08,94,100,4.94,NG,1627323758
398,shimoda,34.6667,138.95,78.91,86,97,6.93,JP,1627323758
399,boralday,43.3578,76.8594,81.66,23,1,7.16,KZ,1627323758
400,mayahi,13.9553,7.6712,91.31,44,85,12.77,NE,1627323759
401,bucerias,20.75,-105.3333,88.99,70,75,4.61,MX,1627323759
402,puerto penasco,31.3167,-113.5333,86.92,77,1,8.99,MX,1627323759
403,makakilo city,21.3469,-158.0858,80.92,66,1,6.91,US,1627323760
404,rocha,-34.4833,-54.3333,54.72,68,81,12.93,UY,1627323760
405,punta,8.9897,125.34,78.96,85,100,2.53,PH,1627323760
406,cam ranh,11.9214,109.1591,84.16,70,20,9.22,VN,1627323547
407,krasnoselkup,65.7,82.4667,56.53,96,100,15.28,RU,1627323761
408,ahuimanu,21.4447,-157.8378,82.11,71,40,12.66,US,1627323762
409,aligarh,27.8833,78.0833,86.7,69,100,2.75,IN,1627323763
410,auki,-8.7676,160.7034,75.11,95,100,6.38,SB,1627323763
411,namatanai,-3.6667,152.4333,78.21,79,40,2.48,PG,1627323764
412,haicheng,40.8516,122.7475,71.69,90,39,4.29,CN,1627323764
413,ranong,9.9658,98.6348,80.37,87,100,12.88,TH,1627323764
414,longyearbyen,78.2186,15.6401,42.64,87,75,13.8,SJ,1627323765
415,christchurch,-43.5333,172.6333,52.0,83,90,10.0,NZ,1627323544
416,walvis bay,-22.9575,14.5053,70.75,40,0,5.75,NA,1627323765
417,melo,-32.3667,-54.1833,55.09,95,100,8.46,UY,1627323765
418,umba,66.6871,34.3429,53.85,65,44,7.09,RU,1627323766
419,hambantota,6.1241,81.1185,80.94,81,95,19.48,LK,1627323766
420,yeppoon,-23.1333,150.7333,49.78,77,18,6.22,AU,1627323767
421,san andres,12.5847,-81.7006,87.82,70,40,11.5,CO,1627323570
422,kapuskasing,49.4169,-82.4331,66.29,55,90,5.75,CA,1627323626
423,lazaro cardenas,17.9583,-102.2,87.13,67,62,4.09,MX,1627323767
424,ordynskoye,54.3656,81.8994,56.68,73,97,12.93,RU,1627323768
425,verkhniye kigi,55.4083,58.6044,54.18,67,79,5.79,RU,1627323768
426,lagoa,39.05,-27.9833,70.86,84,65,11.07,PT,1627323768
427,plouzane,48.3833,-4.6167,64.72,88,75,9.22,FR,1627323769
428,jaguaquara,-13.5306,-39.9708,71.33,67,96,7.38,BR,1627323769
429,magadan,59.5667,150.8,54.32,95,100,6.13,RU,1627323769
430,aripuana,-9.1667,-60.6333,100.69,22,40,1.23,BR,1627323770
431,qixingtai,30.4135,111.8874,78.08,83,0,5.61,CN,1627323770
432,killybegs,54.6333,-8.45,63.45,84,100,6.31,IE,1627323771
433,uaua,-9.8414,-39.4817,79.66,51,90,11.41,BR,1627323771
434,dicabisagan,17.0818,122.4157,81.73,75,100,3.06,PH,1627323771
435,namibe,-15.1961,12.1522,68.61,77,1,3.83,AO,1627323771
436,karratha,-20.7377,116.8463,70.41,68,49,8.16,AU,1627323772
437,tahta,26.7693,31.5021,95.32,20,0,9.64,EG,1627323772
438,itanagar,27.1,93.6167,77.25,97,100,2.46,IN,1627323773
439,mafeteng,-29.823,27.2374,41.56,26,84,4.74,LS,1627323773
440,toccoa,34.5773,-83.3324,92.86,63,40,3.44,US,1627323773
441,dongsheng,39.8161,109.9776,67.59,62,1,5.48,CN,1627323774
442,troitsko-pechorsk,62.7084,56.1964,51.66,91,100,6.53,RU,1627323774
443,port alberni,49.2413,-124.8028,77.16,44,1,2.15,CA,1627323774
444,alyangula,-13.8483,136.4192,69.13,87,45,5.93,AU,1627323775
445,aksu,41.1231,80.2644,89.4,19,0,4.41,CN,1627323775
446,keffi,8.8486,7.8736,75.58,89,99,2.62,NG,1627323775
447,alice town,25.7167,-79.3,83.55,72,81,8.84,BS,1627323775
448,ossora,59.2353,163.0719,59.79,97,100,8.32,RU,1627323776
449,nemuro,43.3236,145.575,60.78,99,100,13.09,JP,1627323776
450,samarai,-10.6167,150.6667,77.77,85,100,17.18,PG,1627323776
451,preobrazheniye,42.9019,133.9064,72.07,94,53,3.53,RU,1627323777
452,shache,38.4167,77.2406,89.58,22,0,5.64,CN,1627323777
453,upington,-28.4478,21.2561,53.98,37,0,8.05,ZA,1627323778
454,casper,42.8666,-106.3131,91.0,25,1,4.0,US,1627323720
455,guarapari,-20.6667,-40.4975,78.69,65,0,15.5,BR,1627323778
456,boende,-0.2167,20.8667,85.06,32,87,2.57,CD,1627323779
457,chitral,35.8462,71.7858,83.86,65,1,3.29,PK,1627323779
458,poya,-21.35,165.15,62.37,78,73,6.55,NC,1627323779
459,riyadh,24.6877,46.7219,104.14,12,24,9.13,SA,1627323780
460,lamu,-2.2717,40.902,73.62,78,35,20.87,KE,1627323780
461,katsuura,35.1333,140.3,74.19,74,100,22.12,JP,1627323780
462,bereda,43.2686,-7.5406,72.41,72,6,5.57,ES,1627323781
463,innoshima,34.2833,133.1833,79.11,83,1,12.53,JP,1627323781
464,nyurba,63.2842,118.3319,67.37,65,33,3.67,RU,1627323781
465,gigmoto,13.7796,124.39,81.45,84,100,11.25,PH,1627323782
466,sao miguel do araguaia,-13.275,-50.1628,92.37,22,13,6.73,BR,1627323782
467,vila velha,-20.3297,-40.2925,78.75,57,20,13.8,BR,1627323783
468,kuvshinovo,57.0295,34.1725,65.19,67,29,2.24,RU,1627323783
469,santa catarina de tepehuanes,25.35,-105.7333,80.38,32,45,9.19,MX,1627323783
470,gat,31.61,34.7642,83.8,72,0,8.95,IL,1627323784
471,quebo,11.3333,-14.9333,82.58,72,98,7.85,GW,1627323784
472,limerick,52.6647,-8.6231,64.08,94,100,8.01,IE,1627323785
473,meadow lake,34.8014,-106.5436,86.31,41,37,6.42,US,1627323785
474,tyulgan,52.3405,56.166,62.19,41,49,3.22,RU,1627323785
475,sorland,67.667,12.6934,51.66,90,22,14.63,NO,1627323786
476,buin,-33.7333,-70.75,57.74,47,1,5.61,CL,1627323786
477,dengzhou,37.8086,120.7508,77.02,91,98,5.75,CN,1627323786
478,iskateley,67.6803,53.1512,42.06,92,87,7.45,RU,1627323787
479,lavrentiya,65.5833,-171.0,44.51,99,100,3.15,RU,1627323787
480,kavaratti,10.5669,72.642,81.46,80,100,17.58,IN,1627323787
481,broome,42.2506,-75.833,85.69,48,40,4.0,US,1627323788
482,yumen,40.2833,97.2,79.61,21,82,15.1,CN,1627323788
483,manokwari,-0.8667,134.0833,78.37,76,41,3.36,ID,1627323788
484,kannad,20.2667,75.1333,74.53,84,99,15.9,IN,1627323789
485,progreso,21.2833,-89.6667,95.11,57,72,9.69,MX,1627323789
486,marfino,55.7028,37.3822,75.45,52,0,2.24,RU,1627323790
487,zaragoza,41.6561,-0.8773,87.03,27,0,5.99,ES,1627323790
488,mayna,54.1135,47.6231,60.37,66,75,4.68,RU,1627323790
489,marawi,7.9986,124.2928,71.65,88,100,5.35,PH,1627323791
490,kilindoni,-7.9139,39.6668,75.45,74,82,18.21,TZ,1627323791
491,lashio,22.9333,97.75,67.41,99,85,1.19,MM,1627323791
492,taraz,42.9,71.3667,81.01,32,0,8.95,KZ,1627323792
493,rockland,41.1668,-74.0496,90.61,52,100,7.61,US,1627323606
494,kavos,38.8268,22.8322,83.14,58,0,3.67,GR,1627323792
495,kalmunai,7.4167,81.8167,82.8,69,94,7.87,LK,1627323793
496,cockburn town,21.4612,-71.1419,82.78,78,15,13.49,TC,1627323793
497,song phi nong,14.2241,100.0209,77.18,81,100,6.87,TH,1627323793
498,kabanjahe,3.1001,98.4908,65.16,96,83,2.13,ID,1627323794
499,lebanon,36.2081,-86.2911,91.83,72,1,5.75,US,1627323690
500,taltal,-25.4,-70.4833,62.17,65,2,6.33,CL,1627323794
501,lokosovo,61.1333,74.8167,49.78,90,95,5.88,RU,1627323795
502,nyuksenitsa,60.4128,44.2397,57.33,97,95,5.84,RU,1627323795
503,baherden,38.4362,57.4316,95.95,29,2,9.31,TM,1627323795
504,silver city,32.7701,-108.2803,78.76,39,1,8.99,US,1627323796
505,sovetskiy,61.3614,63.5842,52.92,84,27,3.65,RU,1627323796
506,nizhniy kuranakh,58.8353,125.4869,57.56,84,0,3.8,RU,1627323796
507,rio grande,-32.035,-52.0986,57.31,97,100,9.13,BR,1627323750
508,ryazan,54.6197,39.74,65.34,58,55,4.05,RU,1627323793
509,sayyan,15.1718,44.3244,68.09,56,91,8.3,YE,1627323797
510,trelew,-43.249,-65.3051,47.43,33,5,27.72,AR,1627323521
511,nioro,13.35,-15.75,87.91,55,88,9.57,GM,1627323797
512,barranca,-10.75,-77.7667,67.6,72,50,13.06,PE,1627323798
513,hengyang,26.8881,112.615,79.83,68,38,3.09,CN,1627323798
514,aguimes,27.9054,-15.4461,73.65,78,40,32.21,ES,1627323799
515,weinan,34.5036,109.5089,74.89,48,94,5.55,CN,1627323799
516,castlemaine,-37.0667,144.2167,46.35,93,89,5.5,AU,1627323799
517,wahiawa,21.5028,-158.0236,79.12,74,90,0.0,US,1627323800
518,riachao das neves,-11.7461,-44.91,88.39,21,48,7.14,BR,1627323800
519,kysyl-syr,63.8986,122.7617,65.66,82,17,5.64,RU,1627323800
520,encruzilhada do sul,-30.5439,-52.5219,60.89,96,100,5.91,BR,1627323801
521,verkhoyansk,67.5447,133.385,57.45,79,49,4.32,RU,1627323801
522,matara,5.9485,80.5353,79.72,86,82,12.91,LK,1627323801
523,diego de almagro,-26.3667,-70.05,67.08,17,0,7.25,CL,1627323802
524,marienburg,54.0359,19.0266,75.87,81,100,9.01,PL,1627323802
525,esperance,-33.8667,121.9,58.48,75,68,30.29,AU,1627323803
526,te anau,-45.4167,167.7167,38.61,90,89,2.17,NZ,1627323803
527,bani walid,31.7566,13.9942,84.87,31,0,21.34,LY,1627323804
528,teacapan,22.55,-105.75,88.9,66,100,8.25,MX,1627323804
529,mezen,65.8522,44.24,46.89,90,96,15.03,RU,1627323804
530,constantine,36.365,6.6147,81.81,54,75,17.27,DZ,1627323518
531,urumqi,43.801,87.6005,81.55,23,0,8.95,CN,1627323643
532,finschhafen,-6.6024,147.8681,75.99,89,93,9.55,PG,1627323805
533,ulaanbaatar,47.9077,106.8832,55.53,82,40,2.24,MN,1627323805
534,dong hoi,17.4833,106.6,81.84,77,69,9.04,VN,1627323806
535,puerto escondido,15.85,-97.0667,85.03,74,90,11.5,MX,1627323806
536,lasa,46.6166,10.7002,69.03,84,65,2.42,IT,1627323806
537,hualmay,-11.0964,-77.6139,68.61,72,39,12.91,PE,1627323807
538,cotacachi,0.3,-78.2667,67.55,57,85,5.03,EC,1627323807
539,zhigansk,66.7697,123.3711,50.43,84,23,11.43,RU,1627323807
540,lensk,60.7253,114.9278,66.65,71,2,0.76,RU,1627323808
541,sampit,-2.5333,112.95,73.31,94,1,2.93,ID,1627323808
542,kosel,50.3356,18.1433,82.08,54,47,1.86,PL,1627323809
543,domoni,-12.2569,44.5319,74.17,72,12,10.18,KM,1627323809
544,ardahan,41.1087,42.7022,57.27,93,40,2.66,TR,1627323809
545,vao,-22.6667,167.4833,68.9,60,82,16.49,NC,1627323810
546,saint-louis,16.3333,-15.0,96.44,33,56,21.54,SN,1627323810
547,itaituba,-4.2761,-55.9836,95.16,46,40,5.75,BR,1627323811
548,harrisonville,38.6533,-94.3488,89.38,53,1,8.05,US,1627323811
549,thinadhoo,0.5333,72.9333,81.37,75,99,6.69,MV,1627323811
550,karaman,37.0833,33.25,72.61,31,17,8.99,TR,1627323812
551,arman,59.7,150.1667,55.78,93,100,4.5,RU,1627323812
552,balakhninskiy,58.0106,114.2769,57.61,71,0,4.18,RU,1627323812
553,katakwi,1.8911,33.9661,71.15,58,100,3.51,UG,1627323813
554,jizan,17.3333,42.6667,83.34,65,100,2.08,SA,1627323813
555,sainte-luce,14.4673,-60.9271,87.75,66,75,14.97,MQ,1627323813
556,dauphin,51.1494,-100.0502,69.94,68,40,3.44,CA,1627323546
